epoch,train_loss,val_loss,train_f1,val_f1,train_precision,val_precision,train_recall,val_recall,train_error,val_error
1,0.02869896639961063,0.024055927991867065,0.45268266014968517,0.40910887305690946,0.3186381459236145,0.29143020510673523,0.7814027070999146,0.686190664768219,54.73173398503148,59.08911269430905
2,0.02242912868045679,0.023242220282554626,0.47176277764656094,0.4182463451327148,0.33084505796432495,0.29643967747688293,0.8217899799346924,0.7099735140800476,52.82372223534391,58.17536548672852
3,0.021366954136655552,0.023178892210125923,0.4778331310043154,0.41528402174940077,0.32892906665802,0.2910515069961548,0.8730632066726685,0.7245520353317261,52.216686899568465,58.47159782505993
4,0.020747833898351248,0.02270117960870266,0.48738278296722276,0.4242613977530404,0.336849570274353,0.29701411724090576,0.8811608552932739,0.7422628998756409,51.261721703277715,57.57386022469596
5,0.020242580579418253,0.022764090448617935,0.48668171090548823,0.41864849561540807,0.3312925696372986,0.29103103280067444,0.9166054129600525,0.7455911040306091,51.33182890945118,58.13515043845919
6,0.019890337583835533,0.022957811132073402,0.5003989921417017,0.42071311961771624,0.3450949192047119,0.2943795919418335,0.9098708033561707,0.7369964718818665,49.96010078582983,57.92868803822837
7,0.019546227919988324,0.022954443469643593,0.5071677763341587,0.41892528659225675,0.3513965606689453,0.2941087782382965,0.9110118746757507,0.7277922630310059,49.283222366584134,58.10747134077432
8,0.019288919922409765,0.022723080590367317,0.5042128002943714,0.4172691842833992,0.34763044118881226,0.292804092168808,0.9174638986587524,0.7257862091064453,49.57871997056286,58.27308157166008
9,0.019149523472044034,0.022710179910063744,0.5059345872756156,0.4179926851331486,0.3484540581703186,0.29349285364151,0.9231382012367249,0.7259345054626465,49.406541272438446,58.20073148668514
10,0.019017912717287214,0.022743409499526024,0.504694713465327,0.4177167562682099,0.3474206328392029,0.2930949032306671,0.922137975692749,0.7267076373100281,49.5305286534673,58.22832437317901
