class_id,class_name,frequency,share_of_images_pct,metric_weight_pct,support_train,support_val_stratified,support_val_random
78,hair drier,102,0.15692307692307692,13.638188,82,20,18
70,toaster,117,0.18,11.889703,94,23,21
12,parking meter,396,0.6092307692307692,3.5128665,317,79,78
21,bear,516,0.7938461538461539,2.695921,413,103,98
76,scissors,555,0.8538461538461538,2.5064778,444,111,111
79,toothbrush,561,0.8630769230769231,2.4796703,449,112,125
52,hot dog,667,1.0261538461538462,2.0856001,534,133,149
18,sheep,809,1.2446153846153847,1.7195244,647,162,158
68,microwave,832,1.28,1.6719894,666,166,164
54,donut,856,1.3169230769230769,1.6251111,685,171,160
31,snowboard,898,1.3815384615384616,1.5491037,718,180,195
47,apple,914,1.406153846153846,1.521986,731,183,177
51,carrot,919,1.4138461538461538,1.5137053,735,184,193
49,orange,940,1.4461538461538461,1.4798884,752,188,173
11,stop sign,962,1.48,1.4460448,770,192,207
10,fire hydrant,967,1.4876923076923076,1.4385679,774,193,214
50,broccoli,1027,1.58,1.3545231,822,205,202
64,mouse,1030,1.5846153846153845,1.3505778,824,206,170
19,cow,1078,1.6584615384615384,1.2904408,862,216,221
22,zebra,1083,1.666153846153846,1.2844831,866,217,235
66,keyboard,1136,1.7476923076923077,1.2245555,909,227,189
20,elephant,1187,1.8261538461538462,1.171942,950,237,226
77,teddy bear,1193,1.8353846153846154,1.1660479,954,239,245
46,banana,1237,1.903076923076923,1.1245717,990,247,231
33,kite,1261,1.94,1.1031682,1009,252,258
29,frisbee,1277,1.9646153846153847,1.0893462,1022,255,250
72,refrigerator,1305,2.0076923076923077,1.0659733,1044,261,242
48,sandwich,1313,2.02,1.0594784,1050,263,298
28,suitcase,1326,2.04,1.0490913,1061,265,270
34,baseball bat,1375,2.1153846153846154,1.0117055,1100,275,274
40,wine glass,1381,2.124615384615385,1.00731,1105,276,288
23,giraffe,1418,2.1815384615384614,0.98102623,1134,284,265
35,baseball glove,1421,2.186153846153846,0.9789551,1137,284,280
69,oven,1575,2.423076923076923,0.8832349,1260,315,299
17,horse,1602,2.4646153846153847,0.86834896,1282,320,339
4,airplane,1647,2.5338461538461536,0.8446236,1318,329,311
55,cake,1652,2.5415384615384617,0.8420673,1322,330,341
8,boat,1669,2.5676923076923077,0.8334902,1335,334,323
30,skis,1679,2.583076923076923,0.82852596,1343,336,330
65,remote,1738,2.6738461538461538,0.80039996,1390,348,333
14,bird,1780,2.7384615384615385,0.7815141,1424,356,351
53,pizza,1782,2.7415384615384615,0.780637,1426,356,388
1,bicycle,1821,2.8015384615384615,0.7639183,1457,364,407
38,tennis racket,1880,2.8923076923076922,0.7399442,1504,376,376
36,skateboard,1880,2.8923076923076922,0.7399442,1504,376,376
61,toilet,1885,2.9,0.7379815,1508,377,385
3,motorcycle,1958,3.0123076923076924,0.71046746,1566,392,401
37,surfboard,1962,3.0184615384615383,0.7090189,1570,392,395
44,spoon,1967,3.026153846153846,0.7072166,1574,393,393
75,vase,1984,3.0523076923076924,0.7011568,1587,397,381
63,laptop,1990,3.0615384615384613,0.69904274,1592,398,368
6,train,1992,3.0646153846153847,0.6983409,1594,398,369
42,fork,2002,3.08,0.6948527,1602,400,397
59,bed,2033,3.1276923076923078,0.6842573,1626,407,392
27,tie,2097,3.226153846153846,0.66337395,1678,419,432
5,bus,2178,3.350769230769231,0.638703,1742,436,442
25,umbrella,2220,3.4153846153846152,0.62661946,1776,444,441
15,cat,2305,3.546153846153846,0.603512,1844,461,451
9,traffic light,2305,3.546153846153846,0.603512,1844,461,445
32,sports ball,2340,3.6,0.5944851,1872,468,492
16,dog,2423,3.727692307692308,0.574121,1938,485,450
43,knife,2437,3.749230769230769,0.5708228,1950,487,492
57,couch,2440,3.753846153846154,0.57012093,1952,488,489
58,potted plant,2480,3.8153846153846156,0.5609254,1984,496,491
62,tv,2481,3.816923076923077,0.56069934,1985,496,484
74,clock,2588,3.9815384615384617,0.5375174,2070,518,485
71,sink,2602,4.003076923076923,0.53462535,2082,520,540
67,cell phone,2692,4.141538461538461,0.5167515,2154,538,511
73,book,2978,4.581538461538462,0.467124,2382,596,578
13,bench,3076,4.7323076923076925,0.45224157,2461,615,605
24,backpack,3141,4.832307692307692,0.44288287,2513,628,620
7,truck,3416,5.2553846153846155,0.40722921,2733,683,662
26,handbag,3826,5.886153846153846,0.36358994,3061,765,803
45,bowl,3960,6.092307692307692,0.35128665,3168,792,851
39,bottle,4719,7.26,0.294786,3775,944,972
41,cup,5057,7.78,0.27508307,4046,1011,1038
60,dining table,6546,10.070769230769232,0.21251072,5237,1309,1384
2,car,6811,10.478461538461538,0.20424242,5449,1362,1397
56,chair,7043,10.835384615384616,0.19751456,5634,1409,1484
0,person,35494,54.606153846153845,0.0391924,28375,7119,7140
