class_a,class_b,cooccurrences,jaccard
person,car,4726,0.12576172862502993
person,chair,4430,0.11625160731624111
person,handbag,3475,0.09694518063886176
person,dining table,3209,0.08264015863614123
person,backpack,2855,0.07979318054779207
chair,dining table,2822,0.2620971486950868
person,cup,2626,0.06924192485168094
cup,dining table,2578,0.28565096952908586
person,bottle,2503,0.06637496685229383
person,bench,2261,0.06227106227106227
person,sports ball,2252,0.06329042774436514
person,truck,2208,0.06016020925290175
person,cell phone,2146,0.059544950055493893
car,truck,2034,0.24826071036250458
person,tie,1985,0.05574903106218053
person,umbrella,1921,0.053669711954851505
person,surfboard,1887,0.05305181478253535
bowl,dining table,1880,0.21794574542082076
person,tennis racket,1862,0.052432980400991216
person,skateboard,1843,0.05187019785539388
person,skis,1656,0.04662555959118169
bottle,cup,1640,0.2015732546705998
person,bus,1634,0.04534102891392419
cup,chair,1631,0.15579329448848983
person,bowl,1615,0.04268083194587595
cup,bowl,1574,0.2114738680639527
bottle,dining table,1566,0.16145994432415714
knife,dining table,1549,0.20836696260425075
person,motorcycle,1547,0.04308592118089403
fork,dining table,1518,0.21593172119487908
person,bicycle,1481,0.041329463637885804
car,traffic light,1419,0.18435754189944134
person,baseball glove,1405,0.03956631934666291
person,baseball bat,1360,0.03830014925793461
person,traffic light,1351,0.037066505706760317
person,knife,1341,0.036649357748018585
bottle,chair,1307,0.12501195600191295
person,book,1294,0.034805530152240576
person,couch,1214,0.03306100217864924
bottle,bowl,1206,0.1613809714973906
chair,couch,1198,0.14459867229933615
spoon,dining table,1180,0.1609164052911496
car,bus,1179,0.15096030729833546
chair,book,1176,0.13295647258338045
person,kite,1174,0.032995137854472896
spoon,bowl,1161,0.24360050356693244
person,remote,1149,0.03184325028406729
cup,knife,1134,0.17830188679245282
person,dog,1113,0.030241278121943268
person,potted plant,1109,0.030082734300827342
chair,tv,1097,0.13017681262608283
person,horse,1095,0.030415821782728256
person,boat,1087,0.030130834904091363
cup,fork,1070,0.17866087827684088
person,frisbee,1062,0.029740401579433758
person,tv,1061,0.028742482526954542
person,clock,1043,0.028159507546100058
cup,spoon,1034,0.1726210350584307
bottle,sink,1017,0.16132614213197968
person,fork,1001,0.0274284148513495
sports ball,tennis racket,999,0.3101521266687364
fork,knife,996,0.28928260238164394
person,laptop,995,0.027268491874263476
bowl,chair,984,0.09821339455035433
pizza,dining table,969,0.13167549938850387
backpack,handbag,968,0.16136022670445074
cake,dining table,965,0.13341628646481404
chair,potted plant,962,0.11237005022777713
person,spoon,955,0.02616008327398236
toilet,sink,944,0.2664408693197855
knife,bowl,914,0.16669706365128578
wine glass,dining table,897,0.12759601706970128
person,wine glass,894,0.024846446735777215
baseball bat,baseball glove,893,0.46925906463478717
person,pizza,893,0.024544430090976555
person,train,888,0.024263620962894146
person,snowboard,882,0.02483807378203323
person,cake,879,0.02423690958722806
car,handbag,875,0.08963327187051834
person,suitcase,846,0.023516984488797466
tv,book,815,0.17549526270456503
couch,remote,805,0.238659946635043
chair,laptop,790,0.09583889360669659
bottle,knife,777,0.1218059256936824
car,motorcycle,762,0.09516672911202698
potted plant,vase,753,0.2029102667744543
fork,bowl,744,0.14258336527405135
couch,book,722,0.15374787052810904
sandwich,dining table,718,0.1005461419969192
chair,vase,717,0.08628158844765343
mouse,keyboard,707,0.4845784784098698
bicycle,car,700,0.08825012607160868
person,bed,696,0.018897124704732426
couch,tv,689,0.16280718336483932
knife,spoon,679,0.18228187919463087
potted plant,dining table,679,0.08134659158979274
tv,keyboard,675,0.22943575798776342
fork,spoon,653,0.19692400482509048
umbrella,handbag,651,0.12066728452270621
cup,sink,647,0.09227039361095266
knife,chair,645,0.0730050933786078
chair,remote,645,0.07927728613569321
bottle,spoon,639,0.105672234165702
oven,sink,634,0.1789443974033305
tv,remote,622,0.1729218793438977
sports ball,baseball glove,621,0.1977707006369427
bottle,wine glass,617,0.11252963706000364
dining table,book,615,0.06903131664608822
cup,book,613,0.08259229318243061
bottle,oven,611,0.10751363716347
dining table,vase,610,0.07702020202020202
wine glass,cup,610,0.10466712422786548
truck,traffic light,606,0.11847507331378299
car,backpack,605,0.06472665026211619
laptop,book,603,0.13814432989690723
bowl,oven,600,0.12158054711246201
laptop,mouse,588,0.24177631578947367
tv,mouse,581,0.1982935153583618
oven,refrigerator,576,0.25
couch,dining table,574,0.06823585354255825
person,sink,573,0.015270634011139834
fork,chair,571,0.06738258201557706
handbag,chair,568,0.05514027764294729
bowl,sink,567,0.09457881567973311
person,airplane,564,0.015419525931596359
cup,pizza,559,0.08901273885350318
bottle,refrigerator,556,0.10168251645940014
tv,laptop,556,0.14201787994891443
spoon,chair,553,0.06538961806787277
person,oven,548,0.01500506557870814
person,sandwich,538,0.014833604455595688
wine glass,chair,537,0.06808672499049068
chair,cell phone,535,0.058152173913043476
cup,sandwich,526,0.09000684462696783
laptop,keyboard,526,0.2023076923076923
couch,potted plant,521,0.11843600818367811
person,banana,518,0.014304255377902962
bottle,book,516,0.0718562874251497
knife,cake,514,0.1437762237762238
bottle,fork,510,0.08211238125905651
sports ball,baseball bat,507,0.1580423940149626
cup,laptop,494,0.07538531970090036
handbag,cell phone,487,0.08074946111755928
person,refrigerator,485,0.013355730572231096
person,teddy bear,484,0.013369057812888434
microwave,oven,482,0.2503896103896104
umbrella,chair,477,0.05429091736854086
remote,book,477,0.11252653927813164
bus,truck,472,0.092151503319016
person,elephant,468,0.012923535746831248
cup,tv,463,0.06544169611307421
cup,cell phone,462,0.06340057636887608
knife,pizza,460,0.12237297153498271
person,vase,460,0.012426387163001783
handbag,suitcase,460,0.09803921568627451
person,donut,457,0.012732287632686039
chair,bed,456,0.052900232018561484
sink,refrigerator,455,0.13180764774044032
car,bench,455,0.04824003392705683
cup,cake,451,0.07206775327580697
cup,potted plant,449,0.06334650112866817
car,umbrella,447,0.05207362534948742
bus,traffic light,447,0.11075322101090189
person,bird,446,0.012110350820028239
couch,vase,444,0.11155778894472362
chair,clock,442,0.04810099031450647
bottle,potted plant,438,0.06478331607750333
car,fire hydrant,435,0.05924009260520224
cup,oven,434,0.07002258793159083
dining table,cell phone,433,0.049176604202157866
bench,handbag,430,0.06644004944375773
fork,pizza,428,0.12753277711561384
car,stop sign,427,0.058126871766948
dining table,tv,426,0.0495291245204046
bed,book,422,0.09195903246894749
cup,vase,412,0.06215115402021421
wine glass,bowl,411,0.08336713995943205
bowl,sandwich,409,0.08408717105263158
fork,cake,409,0.12604006163328196
potted plant,book,405,0.08015040569958441
broccoli,dining table,405,0.05650111607142857
chair,mouse,405,0.0528169014084507
backpack,chair,404,0.04130879345603272
backpack,suitcase,404,0.09943391582574453
wine glass,knife,403,0.11800878477306002
bottle,vase,393,0.062282091917591126
bowl,refrigerator,392,0.08044325877282987
laptop,cell phone,392,0.09137529137529138
person,fire hydrant,391,0.010840033268644302
chair,refrigerator,391,0.04913912278496921
cup,couch,388,0.0545787030524687
mouse,book,388,0.10718232044198896
person,cat,386,0.010317269398337476
wine glass,fork,384,0.12804268089363122
book,vase,383,0.08364271675038218
bowl,broccoli,382,0.08295331161780674
traffic light,handbag,382,0.06644633849365107
cake,chair,380,0.045700541190619365
bench,chair,380,0.03901837971044255
person,hot dog,376,0.010507195752410228
