epoch,train_loss,val_loss,val_f1_th0.5,val_f1_tuned,val_threshold,val_mAP,val_macro_f1
1,0.034560552241944646,0.025577522814273834,0.31395251995352175,0.4704554710932074,0.76,0.6078274846076965,0.39344388246536255
2,0.024394331640687425,0.023151282221078873,0.3564781886544996,0.45436162186551693,0.74,0.630285382270813,0.4284915030002594
3,0.022992602983294554,0.02313411980867386,0.3662762286015014,0.5321192819305864,0.72,0.6381626129150391,0.4359055459499359
4,0.021957895840604837,0.02333194576203823,0.3658390554421356,0.5232308385996862,0.7,0.6440612077713013,0.4375317692756653
5,0.02117471079267396,0.023205000907182693,0.3680918474703211,0.5144559819453907,0.68,0.643377959728241,0.4408509135246277
6,0.020473469326845104,0.022900719195604324,0.3840715438000383,0.5383848632982197,0.68,0.6452468633651733,0.45380887389183044
7,0.019815589122259898,0.023613786324858665,0.3822149013057947,0.5149864189727548,0.76,0.6417791843414307,0.45197829604148865
8,0.019202142274263263,0.023204565048217773,0.39766261675025755,0.5280933192337125,0.68,0.6431136727333069,0.4672017991542816
9,0.01863040968998063,0.023097462952136993,0.3957378509770664,0.5365197943697116,0.72,0.644481897354126,0.4701705873012543
10,0.018064789032031726,0.02360941469669342,0.41332537329910085,0.5214234600998485,0.68,0.6428319215774536,0.4751648008823395
11,0.017569810685971313,0.023809650912880898,0.40599350039598914,0.5360247896082035,0.68,0.6431979537010193,0.47593918442726135
12,0.01697669606294022,0.023416047915816307,0.4166434471542312,0.5280781419274733,0.7,0.6397253274917603,0.48430871963500977
13,0.016531957002995423,0.023890754207968712,0.41847344542663295,0.5406633500581507,0.7,0.6404820084571838,0.48921269178390503
14,0.016002838557551826,0.024675607681274414,0.4059746608006888,0.5096506750884557,0.74,0.6375536322593689,0.4841889441013336
15,0.01566027347010621,0.0240461602807045,0.4208086967000053,0.5275129867942175,0.74,0.6365761756896973,0.49888744950294495
16,0.01517433259422654,0.02536986581981182,0.4230809483683975,0.5229522831634059,0.76,0.6371999382972717,0.49498194456100464
17,0.014737699231695841,0.02476987987756729,0.4170661940597509,0.5140904406139721,0.78,0.6366928815841675,0.5015029907226562
18,0.014302563544373592,0.02566603198647499,0.4287539648099095,0.5225019721077564,0.72,0.6356106996536255,0.5055972933769226
19,0.013898370175978116,0.025530219078063965,0.43225910855228666,0.5071513355729304,0.66,0.6340469121932983,0.5096931457519531
20,0.013604113506608626,0.02577977254986763,0.4411321621853453,0.5252014677210124,0.78,0.6343810558319092,0.5145803689956665
21,0.01321350515352859,0.025960857048630714,0.44287756164343756,0.5116504594478269,0.7,0.6298214197158813,0.5166977643966675
22,0.012859992933412286,0.02612643875181675,0.4520436738458749,0.5056012088119272,0.7,0.6301218271255493,0.5235564112663269
23,0.01249358887421349,0.026690281927585602,0.44636213328991736,0.5040305782006193,0.68,0.6315092444419861,0.5202083587646484
24,0.012240938495226977,0.02691730298101902,0.4510027908579894,0.5024265632089928,0.66,0.6296747326850891,0.5311093330383301
25,0.011849020287701725,0.027722593396902084,0.46126723477207116,0.49806423943632905,0.6,0.6300928592681885,0.5288742780685425
26,0.01160078201848289,0.02784590795636177,0.45719246610016373,0.49044186033606646,0.6,0.6286131143569946,0.5310676693916321
27,0.011292081897060912,0.027940064668655396,0.45070505575660486,0.49412500773276863,0.68,0.6272497177124023,0.531801164150238
28,0.011003513802736549,0.02829578146338463,0.44897607481881385,0.4807219829948508,0.64,0.6277226209640503,0.5350435376167297
29,0.01077824626181289,0.028811989352107048,0.45295509797496386,0.4829548251797553,0.64,0.6273242831230164,0.5397679209709167
30,0.010456850058345728,0.029057441279292107,0.4530199614772719,0.4858831575229333,0.7,0.6261777877807617,0.5427502393722534
31,0.010230515317251178,0.029528047889471054,0.44953651775669945,0.4871393256495567,0.62,0.6261816620826721,0.54350745677948
32,0.010031545117874218,0.029835883527994156,0.4631676653986306,0.48981652293508765,0.64,0.6247227787971497,0.5451185703277588
33,0.009823530527072561,0.030222192406654358,0.44783127706631126,0.47734603673671117,0.58,0.6232371926307678,0.5456256866455078
34,0.0095623380915553,0.030639776960015297,0.44173662422640736,0.5064785236951378,0.74,0.6248289346694946,0.542933464050293
35,0.009335813705792612,0.031412795186042786,0.4496899470101999,0.4826330977758692,0.66,0.6238356232643127,0.5450905561447144
36,0.009136798567001312,0.031496673822402954,0.4540947982871108,0.4865643364811412,0.7,0.6208794116973877,0.5486847758293152
37,0.008987701753872335,0.03180171176791191,0.4644084564662031,0.4959577444557983,0.68,0.6228200197219849,0.5522821545600891
38,0.008777864096688355,0.032186463475227356,0.45285383430790693,0.4663155211252956,0.56,0.6205981373786926,0.5506832599639893
39,0.008598412489408118,0.03258625790476799,0.45455766636486744,0.46900947765029904,0.62,0.6218583583831787,0.5538305640220642
40,0.008416075327873281,0.03294883295893669,0.4561125724151472,0.46713714063484174,0.62,0.6206502318382263,0.5546208620071411
