epoch,train_loss,val_loss,val_f1_th0.5,val_f1_tuned,val_threshold,val_mAP,val_macro_f1,val_recall,val_precision,lr,seconds
1,0.030811913821818755,0.019862856715917587,0.41138425854794547,0.5557539701676898,0.74,0.6817172169685364,0.49342289566993713,0.7096524238586426,0.2896456718444824,4.877641290737881e-05,252.0
2,0.02183168257133025,0.022255975753068924,0.38812423056883777,0.4759713830464988,0.74,0.6591119766235352,0.4792935848236084,0.6954665184020996,0.2691713571548462,4.5225424859373616e-05,222.4
3,0.019067571026778255,0.01930585876107216,0.43451878470155975,0.5380171940088033,0.68,0.7251628637313843,0.5184268951416016,0.76214599609375,0.30388593673706055,3.969463130731201e-05,219.9
4,0.016880602988661904,0.020379306748509407,0.44571461100624127,0.5268473679385216,0.72,0.7095809578895569,0.5302385091781616,0.773640513420105,0.31302958726882935,3.272542485937383e-05,223.1
5,0.01510317924362006,0.01982228085398674,0.4582983195412655,0.5652761710541131,0.68,0.7325146794319153,0.5457736253738403,0.791847825050354,0.3224661350250244,2.5000000000000177e-05,221.2
6,0.013558195966901887,0.019695717841386795,0.48980359337217777,0.5483097543225394,0.68,0.7241018414497375,0.5792528986930847,0.7530685663223267,0.36292779445648193,1.727457514062643e-05,222.1
7,0.01240644993192916,0.01958981715142727,0.49933305401049044,0.5820002141289841,0.8,0.742287814617157,0.5813809633255005,0.7562410831451416,0.3727152943611145,1.0305368692688254e-05,223.3
8,0.01153085109951584,0.01920127496123314,0.5072552050223071,0.564557731824133,0.66,0.7426005601882935,0.5944396257400513,0.7283799052238464,0.38912343978881836,4.774575140626366e-06,220.4
9,0.011024588929717789,0.01919795386493206,0.5099083252989612,0.5754001551136549,0.68,0.7462530732154846,0.5950077772140503,0.741989254951477,0.3884181082248688,1.223587092621178e-06,223.0
10,0.010778247317981415,0.01920996606349945,0.5086009058347911,0.5701070859345055,0.68,0.7451698184013367,0.5969420075416565,0.7526379227638245,0.38406938314437866,0.0,222.0
