class_name,threshold,support,metric_weight_pct,f1,precision,recall
hair drier,0.1,20,13.839758,0.18181818428118368,1.0,0.10000000149011612
toaster,0.02,23,12.034572,0.11764705494980035,0.06465516984462738,0.6521739363670349
parking meter,0.44,79,3.503736,0.4380952404091416,0.8846153616905212,0.29113924503326416
bear,0.28,103,2.6873317,0.8756218816953079,0.8979591727256775,0.8543689250946045
scissors,0.86,111,2.4936502,0.23809522871865707,1.0,0.13513512909412384
toothbrush,0.66,112,2.4713855,0.19354838883343398,1.0,0.1071428582072258
hot dog,0.02,133,2.0811665,0.2530253036819771,0.14819587767124176,0.8646616339683533
sheep,0.28,162,1.7086121,0.7961165264623871,0.8367347121238708,0.7592592835426331
microwave,0.1,166,1.6674407,0.47430830892869696,0.3529411852359772,0.7228915691375732
donut,0.06,171,1.6186852,0.43344711172078604,0.30602410435676575,0.7426900863647461
snowboard,0.08,180,1.537751,0.5445205340087469,0.3935643434524536,0.8833333253860474
apple,0.4,183,1.5125418,0.5292096163529946,0.7129629850387573,0.4207650125026703
carrot,0.06,184,1.5043215,0.37425506416708226,0.23969465494155884,0.85326087474823
orange,0.24,188,1.4723146,0.633986944359692,0.8220338821411133,0.5159574747085571
stop sign,0.4,192,1.4416416,0.6179401931685748,0.853210985660553,0.484375
fire hydrant,0.6,193,1.4341718,0.6122448798397468,0.8910890817642212,0.4663212299346924
broccoli,0.5,205,1.3502203,0.7589743791208071,0.800000011920929,0.7219512462615967
mouse,0.22,206,1.3436658,0.6651884632732634,0.6122449040412903,0.7281553149223328
cow,0.2,216,1.2814591,0.6431535180981427,0.5827067494392395,0.7175925970077515
zebra,0.36,217,1.2755537,0.9403341244952124,0.9752475023269653,0.9078341126441956
keyboard,0.4,227,1.2193618,0.677725125423074,0.7333333492279053,0.6299559473991394
elephant,0.44,237,1.167912,0.8918322313930334,0.9351851940155029,0.852320671081543
teddy bear,0.52,239,1.1581388,0.6719576834519352,0.9136690497398376,0.5313807725906372
banana,0.32,247,1.1206282,0.6697674473644656,0.7868852615356445,0.5829959511756897
kite,0.48,252,1.0983936,0.7785234851593594,0.892307698726654,0.6904761791229248
frisbee,0.24,255,1.0854713,0.656028392622243,0.598705530166626,0.7254902124404907
refrigerator,0.18,261,1.0605178,0.5893129881405967,0.48984771966934204,0.7394636273384094
sandwich,0.14,263,1.052453,0.5446927474043095,0.430463582277298,0.7414448857307434
suitcase,0.66,265,1.04451,0.3669724794221178,0.9677419066429138,0.22641509771347046
baseball bat,0.42,275,1.0065278,0.7458256072473742,0.7613636255264282,0.7309091091156006
wine glass,0.02,276,1.002881,0.20987653960116548,0.11838439851999283,0.9239130616188049
baseball glove,0.24,284,0.97463083,0.807881768654184,0.7569230794906616,0.8661971688270569
giraffe,0.28,284,0.97463083,0.9249999950430827,0.9384058117866516,0.9119718074798584
oven,0.08,315,0.8787148,0.5894495448036131,0.4614003598690033,0.8158730268478394
horse,0.54,320,0.86498487,0.7082568631209504,0.8577777743339539,0.6031249761581421
airplane,0.58,329,0.84132266,0.8863261891731301,0.9676259160041809,0.8176291584968567
cake,0.02,330,0.83877313,0.3488238678711412,0.215145081281662,0.9212121367454529
boat,0.36,334,0.8287281,0.7037643274348215,0.7761732935905457,0.64371258020401
skis,0.22,336,0.82379514,0.8441926261231051,0.8054053783416748,0.886904776096344
remote,0.04,348,0.7953884,0.3426423311304419,0.2107001394033432,0.9166666865348816
bird,0.58,356,0.7775145,0.5158730204345958,0.8783783912658691,0.3651685416698456
pizza,0.46,356,0.7775145,0.793548398335444,0.9318181872367859,0.6910112500190735
bicycle,0.76,364,0.7604263,0.3965141617038268,0.9578947424888611,0.25
tennis racket,0.4,376,0.7361573,0.9110511998574705,0.9234972596168518,0.8989361524581909
skateboard,0.24,376,0.7361573,0.7664835039738108,0.7926136255264282,0.7420212626457214
toilet,0.32,377,0.73420465,0.8545216335607275,0.8445596098899841,0.8647214770317078
motorcycle,0.6,392,0.70611006,0.7771260776858168,0.9137930870056152,0.6760203838348389
surfboard,0.3,392,0.70611006,0.8475935793525676,0.8904494643211365,0.8086734414100647
spoon,0.02,393,0.7043134,0.2833914061371701,0.16712328791618347,0.9312977194786072
vase,0.02,397,0.697217,0.28715953588942794,0.16981132328510284,0.9294710159301758
laptop,0.16,398,0.6954652,0.6238145440119731,0.5372051000595093,0.7437185645103455
train,0.48,398,0.6954652,0.8656716452196047,0.9410029649734497,0.8015075325965881
fork,0.04,400,0.6919879,0.38801261683969746,0.24567243456840515,0.9225000143051147
bed,0.36,407,0.6800864,0.7176165731793337,0.7589040994644165,0.6805896759033203
tie,0.56,419,0.660609,0.5837320529402603,0.879807710647583,0.43675416707992554
bus,0.46,436,0.6348513,0.6962552024148521,0.8807017803192139,0.5756880640983582
umbrella,0.82,444,0.62341255,0.4761904641917624,0.9722222089767456,0.315315306186676
cat,0.62,461,0.60042334,0.8029020612936053,0.9071038365364075,0.7201735377311707
traffic light,0.06,461,0.60042334,0.5043156674968645,0.3522825241088867,0.887201726436615
sports ball,0.06,468,0.5914427,0.5638586985337282,0.41334661841392517,0.8867521286010742
dog,0.24,485,0.5707117,0.6191023997008066,0.7005208134651184,0.5546391606330872
knife,0.06,487,0.5683679,0.41549954318113225,0.2688821852207184,0.9137576818466187
couch,0.3,488,0.56720316,0.6210317217408634,0.6019230484962463,0.6413934230804443
potted plant,0.02,496,0.55805475,0.20624277797977814,0.11647950112819672,0.899193525314331
tv,0.34,496,0.55805475,0.6666666677673986,0.7307692170143127,0.6129032373428345
clock,0.68,518,0.5343536,0.6026315803140648,0.9462810158729553,0.442084938287735
sink,0.12,520,0.5322984,0.6785980660466159,0.5542021989822388,0.875
cell phone,0.02,538,0.5144891,0.20762976265654964,0.11692885309457779,0.9256505370140076
book,0.02,596,0.46442142,0.27882441377138745,0.16395863890647888,0.931208074092865
bench,0.02,615,0.45007342,0.19833833907170825,0.11126536875963211,0.9121951460838318
backpack,0.02,628,0.44075662,0.19244332180568377,0.10756523162126541,0.912420392036438
truck,0.02,683,0.40526375,0.2975666349908942,0.17676211893558502,0.9399707317352295
handbag,0.02,765,0.36182377,0.23729969928080172,0.1364438384771347,0.9098039269447327
bowl,0.04,792,0.34948882,0.40470191959057733,0.25997841358184814,0.9128788113594055
bottle,0.02,944,0.29321522,0.27748199232308635,0.16280779242515564,0.9385592937469482
cup,0.02,1011,0.27378353,0.34289762080618064,0.20884573459625244,0.9574678540229797
dining table,0.14,1309,0.21145543,0.6384789786418291,0.5079006552696228,0.8594346642494202
car,0.1,1362,0.203227,0.5753917247314241,0.4425128400325775,0.8223201036453247
chair,0.04,1409,0.19644794,0.39700715616294485,0.2529182732105255,0.9226401448249817
person,0.44,7119,0.038881186,0.9050434953481137,0.8964994549751282,0.9137519598007202
